PassengerId,Survived,Pclass,Sex,Age,SibSp,Parch,Fare,Embarked,AgeBin,NRelatives,HasRelatives,FareOverHundred,Embarked_Q,Embarked_S,Pclass_2,Pclass_3,EmbarkedCat
1,0,3,1,22.0,1,0,7.25,S,1,1,1,0.0725,0,1,0,1,1.0
2,1,1,0,38.0,1,0,71.2833,C,1,1,1,0.7128329999999999,0,0,0,0,2.0
3,1,3,0,26.0,0,0,7.925,S,1,0,0,0.07925,0,1,0,1,1.0
4,1,1,0,35.0,1,0,53.1,S,1,1,1,0.531,0,1,0,0,1.0
5,0,3,1,35.0,0,0,8.05,S,1,0,0,0.0805,0,1,0,1,1.0
6,0,3,1,24.0,0,0,8.4583,Q,1,0,0,0.08458299999999999,1,0,0,1,3.0
7,0,1,1,54.0,0,0,51.8625,S,1,0,0,0.518625,0,1,0,0,1.0
8,0,3,1,2.0,3,1,21.075,S,0,4,1,0.21075,0,1,0,1,1.0
9,1,3,0,27.0,0,2,11.1333,S,1,2,1,0.111333,0,1,0,1,1.0
10,1,2,0,14.0,1,0,30.0708,C,1,1,1,0.300708,0,0,1,0,2.0
11,1,3,0,4.0,1,1,16.7,S,0,2,1,0.16699999999999998,0,1,0,1,1.0
12,1,1,0,58.0,0,0,26.55,S,1,0,0,0.2655,0,1,0,0,1.0
13,0,3,1,20.0,0,0,8.05,S,1,0,0,0.0805,0,1,0,1,1.0
14,0,3,1,39.0,1,5,31.275,S,1,6,1,0.31275,0,1,0,1,1.0
15,0,3,0,14.0,0,0,7.8542,S,1,0,0,0.078542,0,1,0,1,1.0
16,1,2,0,55.0,0,0,16.0,S,1,0,0,0.16,0,1,1,0,1.0
17,0,3,1,2.0,4,1,29.125,Q,0,5,1,0.29125,1,0,0,1,3.0
18,1,2,1,29.0,0,0,13.0,S,1,0,0,0.13,0,1,1,0,1.0
19,0,3,0,31.0,1,0,18.0,S,1,1,1,0.18,0,1,0,1,1.0
20,1,3,0,24.0,0,0,7.225,C,1,0,0,0.07225,0,0,0,1,2.0
21,0,2,1,35.0,0,0,26.0,S,1,0,0,0.26,0,1,1,0,1.0
22,1,2,1,34.0,0,0,13.0,S,1,0,0,0.13,0,1,1,0,1.0
23,1,3,0,15.0,0,0,8.0292,Q,1,0,0,0.08029199999999999,1,0,0,1,3.0
24,1,1,1,28.0,0,0,35.5,S,1,0,0,0.355,0,1,0,0,1.0
25,0,3,0,8.0,3,1,21.075,S,1,4,1,0.21075,0,1,0,1,1.0
26,1,3,0,38.0,1,5,31.3875,S,1,6,1,0.313875,0,1,0,1,1.0
27,0,3,1,24.0,0,0,7.225,C,1,0,0,0.07225,0,0,0,1,2.0
28,0,1,1,19.0,3,2,263.0,S,1,5,1,2.63,0,1,0,0,1.0
29,1,3,0,24.0,0,0,7.8792,Q,1,0,0,0.078792,1,0,0,1,3.0
30,0,3,1,24.0,0,0,7.8958,S,1,0,0,0.078958,0,1,0,1,1.0
31,0,1,1,40.0,0,0,27.7208,C,1,0,0,0.277208,0,0,0,0,2.0
32,1,1,0,37.0,1,0,146.5208,C,1,1,1,1.465208,0,0,0,0,2.0
33,1,3,0,24.0,0,0,7.75,Q,1,0,0,0.0775,1,0,0,1,3.0
34,0,2,1,66.0,0,0,10.5,S,1,0,0,0.105,0,1,1,0,1.0
35,0,1,1,28.0,1,0,82.1708,C,1,1,1,0.821708,0,0,0,0,2.0
36,0,1,1,42.0,1,0,52.0,S,1,1,1,0.52,0,1,0,0,1.0
37,1,3,1,24.0,0,0,7.2292,C,1,0,0,0.072292,0,0,0,1,2.0
38,0,3,1,21.0,0,0,8.05,S,1,0,0,0.0805,0,1,0,1,1.0
39,0,3,0,18.0,2,0,18.0,S,1,2,1,0.18,0,1,0,1,1.0
40,1,3,0,14.0,1,0,11.2417,C,1,1,1,0.112417,0,0,0,1,2.0
41,0,3,0,40.0,1,0,9.475,S,1,1,1,0.09475,0,1,0,1,1.0
42,0,2,0,27.0,1,0,21.0,S,1,1,1,0.21,0,1,1,0,1.0
43,0,3,1,24.0,0,0,7.8958,C,1,0,0,0.078958,0,0,0,1,2.0
44,1,2,0,3.0,1,2,41.5792,C,0,3,1,0.415792,0,0,1,0,2.0
45,1,3,0,19.0,0,0,7.8792,Q,1,0,0,0.078792,1,0,0,1,3.0
46,0,3,1,24.0,0,0,8.05,S,1,0,0,0.0805,0,1,0,1,1.0
47,0,3,1,24.0,1,0,15.5,Q,1,1,1,0.155,1,0,0,1,3.0
48,1,3,0,24.0,0,0,7.75,Q,1,0,0,0.0775,1,0,0,1,3.0
49,0,3,1,24.0,2,0,21.6792,C,1,2,1,0.216792,0,0,0,1,2.0
50,0,3,0,18.0,1,0,17.8,S,1,1,1,0.17800000000000002,0,1,0,1,1.0
51,0,3,1,7.0,4,1,39.6875,S,1,5,1,0.396875,0,1,0,1,1.0
52,0,3,1,21.0,0,0,7.8,S,1,0,0,0.078,0,1,0,1,1.0
53,1,1,0,49.0,1,0,76.7292,C,1,1,1,0.7672920000000001,0,0,0,0,2.0
54,1,2,0,29.0,1,0,26.0,S,1,1,1,0.26,0,1,1,0,1.0
55,0,1,1,65.0,0,1,61.9792,C,1,1,1,0.619792,0,0,0,0,2.0
56,1,1,1,37.0,0,0,35.5,S,1,0,0,0.355,0,1,0,0,1.0
57,1,2,0,21.0,0,0,10.5,S,1,0,0,0.105,0,1,1,0,1.0
58,0,3,1,28.5,0,0,7.2292,C,1,0,0,0.072292,0,0,0,1,2.0
59,1,2,0,5.0,1,2,27.75,S,0,3,1,0.2775,0,1,1,0,1.0
60,0,3,1,11.0,5,2,46.9,S,1,7,1,0.469,0,1,0,1,1.0
61,0,3,1,22.0,0,0,7.2292,C,1,0,0,0.072292,0,0,0,1,2.0
62,1,1,0,38.0,0,0,80.0,Q,1,0,0,0.8,0,0,0,0,3.0
63,0,1,1,45.0,1,0,83.475,S,1,1,1,0.83475,0,1,0,0,1.0
64,0,3,1,4.0,3,2,27.9,S,0,5,1,0.27899999999999997,0,1,0,1,1.0
65,0,1,1,37.0,0,0,27.7208,C,1,0,0,0.277208,0,0,0,0,2.0
66,1,3,1,24.0,1,1,15.2458,C,1,2,1,0.15245799999999998,0,0,0,1,2.0
67,1,2,0,29.0,0,0,10.5,S,1,0,0,0.105,0,1,1,0,1.0
68,0,3,1,19.0,0,0,8.1583,S,1,0,0,0.081583,0,1,0,1,1.0
69,1,3,0,17.0,4,2,7.925,S,1,6,1,0.07925,0,1,0,1,1.0
70,0,3,1,26.0,2,0,8.6625,S,1,2,1,0.086625,0,1,0,1,1.0
71,0,2,1,32.0,0,0,10.5,S,1,0,0,0.105,0,1,1,0,1.0
72,0,3,0,16.0,5,2,46.9,S,1,7,1,0.469,0,1,0,1,1.0
73,0,2,1,21.0,0,0,73.5,S,1,0,0,0.735,0,1,1,0,1.0
74,0,3,1,26.0,1,0,14.4542,C,1,1,1,0.144542,0,0,0,1,2.0
75,1,3,1,32.0,0,0,56.4958,S,1,0,0,0.5649580000000001,0,1,0,1,1.0
76,0,3,1,25.0,0,0,7.65,S,1,0,0,0.0765,0,1,0,1,1.0
77,0,3,1,24.0,0,0,7.8958,S,1,0,0,0.078958,0,1,0,1,1.0
78,0,3,1,24.0,0,0,8.05,S,1,0,0,0.0805,0,1,0,1,1.0
79,1,2,1,0.83,0,2,29.0,S,0,2,1,0.29,0,1,1,0,1.0
80,1,3,0,30.0,0,0,12.475,S,1,0,0,0.12475,0,1,0,1,1.0
81,0,3,1,22.0,0,0,9.0,S,1,0,0,0.09,0,1,0,1,1.0
82,1,3,1,29.0,0,0,9.5,S,1,0,0,0.095,0,1,0,1,1.0
83,1,3,0,24.0,0,0,7.7875,Q,1,0,0,0.077875,1,0,0,1,3.0
84,0,1,1,28.0,0,0,47.1,S,1,0,0,0.47100000000000003,0,1,0,0,1.0
85,1,2,0,17.0,0,0,10.5,S,1,0,0,0.105,0,1,1,0,1.0
86,1,3,0,33.0,3,0,15.85,S,1,3,1,0.1585,0,1,0,1,1.0
87,0,3,1,16.0,1,3,34.375,S,1,4,1,0.34375,0,1,0,1,1.0
88,0,3,1,24.0,0,0,8.05,S,1,0,0,0.0805,0,1,0,1,1.0
89,1,1,0,23.0,3,2,263.0,S,1,5,1,2.63,0,1,0,0,1.0
90,0,3,1,24.0,0,0,8.05,S,1,0,0,0.0805,0,1,0,1,1.0
91,0,3,1,29.0,0,0,8.05,S,1,0,0,0.0805,0,1,0,1,1.0
92,0,3,1,20.0,0,0,7.8542,S,1,0,0,0.078542,0,1,0,1,1.0
93,0,1,1,46.0,1,0,61.175,S,1,1,1,0.61175,0,1,0,0,1.0
94,0,3,1,26.0,1,2,20.575,S,1,3,1,0.20575,0,1,0,1,1.0
95,0,3,1,59.0,0,0,7.25,S,1,0,0,0.0725,0,1,0,1,1.0
96,0,3,1,24.0,0,0,8.05,S,1,0,0,0.0805,0,1,0,1,1.0
97,0,1,1,71.0,0,0,34.6542,C,1,0,0,0.346542,0,0,0,0,2.0
98,1,1,1,23.0,0,1,63.3583,C,1,1,1,0.633583,0,0,0,0,2.0
99,1,2,0,34.0,0,1,23.0,S,1,1,1,0.23,0,1,1,0,1.0
100,0,2,1,34.0,1,0,26.0,S,1,1,1,0.26,0,1,1,0,1.0
101,0,3,0,28.0,0,0,7.8958,S,1,0,0,0.078958,0,1,0,1,1.0
102,0,3,1,24.0,0,0,7.8958,S,1,0,0,0.078958,0,1,0,1,1.0
103,0,1,1,21.0,0,1,77.2875,S,1,1,1,0.772875,0,1,0,0,1.0
104,0,3,1,33.0,0,0,8.6542,S,1,0,0,0.086542,0,1,0,1,1.0
105,0,3,1,37.0,2,0,7.925,S,1,2,1,0.07925,0,1,0,1,1.0
106,0,3,1,28.0,0,0,7.8958,S,1,0,0,0.078958,0,1,0,1,1.0
107,1,3,0,21.0,0,0,7.65,S,1,0,0,0.0765,0,1,0,1,1.0
108,1,3,1,24.0,0,0,7.775,S,1,0,0,0.07775,0,1,0,1,1.0
109,0,3,1,38.0,0,0,7.8958,S,1,0,0,0.078958,0,1,0,1,1.0
110,1,3,0,24.0,1,0,24.15,Q,1,1,1,0.2415,1,0,0,1,3.0
111,0,1,1,47.0,0,0,52.0,S,1,0,0,0.52,0,1,0,0,1.0
112,0,3,0,14.5,1,0,14.4542,C,1,1,1,0.144542,0,0,0,1,2.0
113,0,3,1,22.0,0,0,8.05,S,1,0,0,0.0805,0,1,0,1,1.0
114,0,3,0,20.0,1,0,9.825,S,1,1,1,0.09824999999999999,0,1,0,1,1.0
115,0,3,0,17.0,0,0,14.4583,C,1,0,0,0.144583,0,0,0,1,2.0
116,0,3,1,21.0,0,0,7.925,S,1,0,0,0.07925,0,1,0,1,1.0
117,0,3,1,70.5,0,0,7.75,Q,1,0,0,0.0775,1,0,0,1,3.0
118,0,2,1,29.0,1,0,21.0,S,1,1,1,0.21,0,1,1,0,1.0
119,0,1,1,24.0,0,1,247.5208,C,1,1,1,2.4752080000000003,0,0,0,0,2.0
120,0,3,0,2.0,4,2,31.275,S,0,6,1,0.31275,0,1,0,1,1.0
121,0,2,1,21.0,2,0,73.5,S,1,2,1,0.735,0,1,1,0,1.0
122,0,3,1,24.0,0,0,8.05,S,1,0,0,0.0805,0,1,0,1,1.0
123,0,2,1,32.5,1,0,30.0708,C,1,1,1,0.300708,0,0,1,0,2.0
124,1,2,0,32.5,0,0,13.0,S,1,0,0,0.13,0,1,1,0,1.0
125,0,1,1,54.0,0,1,77.2875,S,1,1,1,0.772875,0,1,0,0,1.0
126,1,3,1,12.0,1,0,11.2417,C,1,1,1,0.112417,0,0,0,1,2.0
127,0,3,1,24.0,0,0,7.75,Q,1,0,0,0.0775,1,0,0,1,3.0
128,1,3,1,24.0,0,0,7.1417,S,1,0,0,0.07141700000000001,0,1,0,1,1.0
129,1,3,0,24.0,1,1,22.3583,C,1,2,1,0.223583,0,0,0,1,2.0
130,0,3,1,45.0,0,0,6.975,S,1,0,0,0.06974999999999999,0,1,0,1,1.0
131,0,3,1,33.0,0,0,7.8958,C,1,0,0,0.078958,0,0,0,1,2.0
132,0,3,1,20.0,0,0,7.05,S,1,0,0,0.0705,0,1,0,1,1.0
133,0,3,0,47.0,1,0,14.5,S,1,1,1,0.145,0,1,0,1,1.0
134,1,2,0,29.0,1,0,26.0,S,1,1,1,0.26,0,1,1,0,1.0
135,0,2,1,25.0,0,0,13.0,S,1,0,0,0.13,0,1,1,0,1.0
136,0,2,1,23.0,0,0,15.0458,C,1,0,0,0.150458,0,0,1,0,2.0
137,1,1,0,19.0,0,2,26.2833,S,1,2,1,0.262833,0,1,0,0,1.0
138,0,1,1,37.0,1,0,53.1,S,1,1,1,0.531,0,1,0,0,1.0
139,0,3,1,16.0,0,0,9.2167,S,1,0,0,0.092167,0,1,0,1,1.0
140,0,1,1,24.0,0,0,79.2,C,1,0,0,0.792,0,0,0,0,2.0
141,0,3,0,24.0,0,2,15.2458,C,1,2,1,0.15245799999999998,0,0,0,1,2.0
142,1,3,0,22.0,0,0,7.75,S,1,0,0,0.0775,0,1,0,1,1.0
143,1,3,0,24.0,1,0,15.85,S,1,1,1,0.1585,0,1,0,1,1.0
144,0,3,1,19.0,0,0,6.75,Q,1,0,0,0.0675,1,0,0,1,3.0
145,0,2,1,18.0,0,0,11.5,S,1,0,0,0.115,0,1,1,0,1.0
146,0,2,1,19.0,1,1,36.75,S,1,2,1,0.3675,0,1,1,0,1.0
147,1,3,1,27.0,0,0,7.7958,S,1,0,0,0.077958,0,1,0,1,1.0
148,0,3,0,9.0,2,2,34.375,S,1,4,1,0.34375,0,1,0,1,1.0
149,0,2,1,36.5,0,2,26.0,S,1,2,1,0.26,0,1,1,0,1.0
150,0,2,1,42.0,0,0,13.0,S,1,0,0,0.13,0,1,1,0,1.0
151,0,2,1,51.0,0,0,12.525,S,1,0,0,0.12525,0,1,1,0,1.0
152,1,1,0,22.0,1,0,66.6,S,1,1,1,0.6659999999999999,0,1,0,0,1.0
153,0,3,1,55.5,0,0,8.05,S,1,0,0,0.0805,0,1,0,1,1.0
154,0,3,1,40.5,0,2,14.5,S,1,2,1,0.145,0,1,0,1,1.0
155,0,3,1,24.0,0,0,7.3125,S,1,0,0,0.073125,0,1,0,1,1.0
156,0,1,1,51.0,0,1,61.3792,C,1,1,1,0.613792,0,0,0,0,2.0
157,1,3,0,16.0,0,0,7.7333,Q,1,0,0,0.077333,1,0,0,1,3.0
158,0,3,1,30.0,0,0,8.05,S,1,0,0,0.0805,0,1,0,1,1.0
159,0,3,1,24.0,0,0,8.6625,S,1,0,0,0.086625,0,1,0,1,1.0
160,0,3,1,24.0,8,2,69.55,S,1,10,1,0.6955,0,1,0,1,1.0
161,0,3,1,44.0,0,1,16.1,S,1,1,1,0.161,0,1,0,1,1.0
162,1,2,0,40.0,0,0,15.75,S,1,0,0,0.1575,0,1,1,0,1.0
163,0,3,1,26.0,0,0,7.775,S,1,0,0,0.07775,0,1,0,1,1.0
164,0,3,1,17.0,0,0,8.6625,S,1,0,0,0.086625,0,1,0,1,1.0
165,0,3,1,1.0,4,1,39.6875,S,0,5,1,0.396875,0,1,0,1,1.0
166,1,3,1,9.0,0,2,20.525,S,1,2,1,0.20525,0,1,0,1,1.0
167,1,1,0,37.0,0,1,55.0,S,1,1,1,0.55,0,1,0,0,1.0
168,0,3,0,45.0,1,4,27.9,S,1,5,1,0.27899999999999997,0,1,0,1,1.0
169,0,1,1,37.0,0,0,25.925,S,1,0,0,0.25925,0,1,0,0,1.0
170,0,3,1,28.0,0,0,56.4958,S,1,0,0,0.5649580000000001,0,1,0,1,1.0
171,0,1,1,61.0,0,0,33.5,S,1,0,0,0.335,0,1,0,0,1.0
172,0,3,1,4.0,4,1,29.125,Q,0,5,1,0.29125,1,0,0,1,3.0
173,1,3,0,1.0,1,1,11.1333,S,0,2,1,0.111333,0,1,0,1,1.0
174,0,3,1,21.0,0,0,7.925,S,1,0,0,0.07925,0,1,0,1,1.0
175,0,1,1,56.0,0,0,30.6958,C,1,0,0,0.306958,0,0,0,0,2.0
176,0,3,1,18.0,1,1,7.8542,S,1,2,1,0.078542,0,1,0,1,1.0
177,0,3,1,24.0,3,1,25.4667,S,1,4,1,0.254667,0,1,0,1,1.0
178,0,1,0,50.0,0,0,28.7125,C,1,0,0,0.28712499999999996,0,0,0,0,2.0
179,0,2,1,30.0,0,0,13.0,S,1,0,0,0.13,0,1,1,0,1.0
180,0,3,1,36.0,0,0,0.0,S,1,0,0,0.0,0,1,0,1,1.0
181,0,3,0,24.0,8,2,69.55,S,1,10,1,0.6955,0,1,0,1,1.0
182,0,2,1,29.0,0,0,15.05,C,1,0,0,0.1505,0,0,1,0,2.0
183,0,3,1,9.0,4,2,31.3875,S,1,6,1,0.313875,0,1,0,1,1.0
184,1,2,1,1.0,2,1,39.0,S,0,3,1,0.39,0,1,1,0,1.0
185,1,3,0,4.0,0,2,22.025,S,0,2,1,0.22024999999999997,0,1,0,1,1.0
186,0,1,1,37.0,0,0,50.0,S,1,0,0,0.5,0,1,0,0,1.0
187,1,3,0,24.0,1,0,15.5,Q,1,1,1,0.155,1,0,0,1,3.0
188,1,1,1,45.0,0,0,26.55,S,1,0,0,0.2655,0,1,0,0,1.0
189,0,3,1,40.0,1,1,15.5,Q,1,2,1,0.155,1,0,0,1,3.0
190,0,3,1,36.0,0,0,7.8958,S,1,0,0,0.078958,0,1,0,1,1.0
191,1,2,0,32.0,0,0,13.0,S,1,0,0,0.13,0,1,1,0,1.0
192,0,2,1,19.0,0,0,13.0,S,1,0,0,0.13,0,1,1,0,1.0
193,1,3,0,19.0,1,0,7.8542,S,1,1,1,0.078542,0,1,0,1,1.0
194,1,2,1,3.0,1,1,26.0,S,0,2,1,0.26,0,1,1,0,1.0
195,1,1,0,44.0,0,0,27.7208,C,1,0,0,0.277208,0,0,0,0,2.0
196,1,1,0,58.0,0,0,146.5208,C,1,0,0,1.465208,0,0,0,0,2.0
197,0,3,1,24.0,0,0,7.75,Q,1,0,0,0.0775,1,0,0,1,3.0
198,0,3,1,42.0,0,1,8.4042,S,1,1,1,0.08404199999999999,0,1,0,1,1.0
199,1,3,0,24.0,0,0,7.75,Q,1,0,0,0.0775,1,0,0,1,3.0
200,0,2,0,24.0,0,0,13.0,S,1,0,0,0.13,0,1,1,0,1.0
201,0,3,1,28.0,0,0,9.5,S,1,0,0,0.095,0,1,0,1,1.0
202,0,3,1,24.0,8,2,69.55,S,1,10,1,0.6955,0,1,0,1,1.0
203,0,3,1,34.0,0,0,6.4958,S,1,0,0,0.064958,0,1,0,1,1.0
204,0,3,1,45.5,0,0,7.225,C,1,0,0,0.07225,0,0,0,1,2.0
205,1,3,1,18.0,0,0,8.05,S,1,0,0,0.0805,0,1,0,1,1.0
206,0,3,0,2.0,0,1,10.4625,S,0,1,1,0.10462500000000001,0,1,0,1,1.0
207,0,3,1,32.0,1,0,15.85,S,1,1,1,0.1585,0,1,0,1,1.0
208,1,3,1,26.0,0,0,18.7875,C,1,0,0,0.18787500000000001,0,0,0,1,2.0
209,1,3,0,16.0,0,0,7.75,Q,1,0,0,0.0775,1,0,0,1,3.0
210,1,1,1,40.0,0,0,31.0,C,1,0,0,0.31,0,0,0,0,2.0
211,0,3,1,24.0,0,0,7.05,S,1,0,0,0.0705,0,1,0,1,1.0
212,1,2,0,35.0,0,0,21.0,S,1,0,0,0.21,0,1,1,0,1.0
213,0,3,1,22.0,0,0,7.25,S,1,0,0,0.0725,0,1,0,1,1.0
214,0,2,1,30.0,0,0,13.0,S,1,0,0,0.13,0,1,1,0,1.0
215,0,3,1,24.0,1,0,7.75,Q,1,1,1,0.0775,1,0,0,1,3.0
216,1,1,0,31.0,1,0,113.275,C,1,1,1,1.1327500000000001,0,0,0,0,2.0
217,1,3,0,27.0,0,0,7.925,S,1,0,0,0.07925,0,1,0,1,1.0
218,0,2,1,42.0,1,0,27.0,S,1,1,1,0.27,0,1,1,0,1.0
219,1,1,0,32.0,0,0,76.2917,C,1,0,0,0.7629170000000001,0,0,0,0,2.0
220,0,2,1,30.0,0,0,10.5,S,1,0,0,0.105,0,1,1,0,1.0
221,1,3,1,16.0,0,0,8.05,S,1,0,0,0.0805,0,1,0,1,1.0
222,0,2,1,27.0,0,0,13.0,S,1,0,0,0.13,0,1,1,0,1.0
223,0,3,1,51.0,0,0,8.05,S,1,0,0,0.0805,0,1,0,1,1.0
224,0,3,1,24.0,0,0,7.8958,S,1,0,0,0.078958,0,1,0,1,1.0
225,1,1,1,38.0,1,0,90.0,S,1,1,1,0.9,0,1,0,0,1.0
226,0,3,1,22.0,0,0,9.35,S,1,0,0,0.0935,0,1,0,1,1.0
227,1,2,1,19.0,0,0,10.5,S,1,0,0,0.105,0,1,1,0,1.0
228,0,3,1,20.5,0,0,7.25,S,1,0,0,0.0725,0,1,0,1,1.0
229,0,2,1,18.0,0,0,13.0,S,1,0,0,0.13,0,1,1,0,1.0
230,0,3,0,24.0,3,1,25.4667,S,1,4,1,0.254667,0,1,0,1,1.0
231,1,1,0,35.0,1,0,83.475,S,1,1,1,0.83475,0,1,0,0,1.0
232,0,3,1,29.0,0,0,7.775,S,1,0,0,0.07775,0,1,0,1,1.0
233,0,2,1,59.0,0,0,13.5,S,1,0,0,0.135,0,1,1,0,1.0
234,1,3,0,5.0,4,2,31.3875,S,0,6,1,0.313875,0,1,0,1,1.0
235,0,2,1,24.0,0,0,10.5,S,1,0,0,0.105,0,1,1,0,1.0
236,0,3,0,24.0,0,0,7.55,S,1,0,0,0.0755,0,1,0,1,1.0
237,0,2,1,44.0,1,0,26.0,S,1,1,1,0.26,0,1,1,0,1.0
238,1,2,0,8.0,0,2,26.25,S,1,2,1,0.2625,0,1,1,0,1.0
239,0,2,1,19.0,0,0,10.5,S,1,0,0,0.105,0,1,1,0,1.0
240,0,2,1,33.0,0,0,12.275,S,1,0,0,0.12275,0,1,1,0,1.0
241,0,3,0,24.0,1,0,14.4542,C,1,1,1,0.144542,0,0,0,1,2.0
242,1,3,0,24.0,1,0,15.5,Q,1,1,1,0.155,1,0,0,1,3.0
243,0,2,1,29.0,0,0,10.5,S,1,0,0,0.105,0,1,1,0,1.0
244,0,3,1,22.0,0,0,7.125,S,1,0,0,0.07125,0,1,0,1,1.0
245,0,3,1,30.0,0,0,7.225,C,1,0,0,0.07225,0,0,0,1,2.0
246,0,1,1,44.0,2,0,90.0,Q,1,2,1,0.9,1,0,0,0,3.0
247,0,3,0,25.0,0,0,7.775,S,1,0,0,0.07775,0,1,0,1,1.0
248,1,2,0,24.0,0,2,14.5,S,1,2,1,0.145,0,1,1,0,1.0
249,1,1,1,37.0,1,1,52.5542,S,1,2,1,0.5255420000000001,0,1,0,0,1.0
250,0,2,1,54.0,1,0,26.0,S,1,1,1,0.26,0,1,1,0,1.0
251,0,3,1,24.0,0,0,7.25,S,1,0,0,0.0725,0,1,0,1,1.0
252,0,3,0,29.0,1,1,10.4625,S,1,2,1,0.10462500000000001,0,1,0,1,1.0
253,0,1,1,62.0,0,0,26.55,S,1,0,0,0.2655,0,1,0,0,1.0
254,0,3,1,30.0,1,0,16.1,S,1,1,1,0.161,0,1,0,1,1.0
255,0,3,0,41.0,0,2,20.2125,S,1,2,1,0.202125,0,1,0,1,1.0
256,1,3,0,29.0,0,2,15.2458,C,1,2,1,0.15245799999999998,0,0,0,1,2.0
257,1,1,0,37.0,0,0,79.2,C,1,0,0,0.792,0,0,0,0,2.0
258,1,1,0,30.0,0,0,86.5,S,1,0,0,0.865,0,1,0,0,1.0
259,1,1,0,35.0,0,0,512.3292,C,1,0,0,5.123292,0,0,0,0,2.0
260,1,2,0,50.0,0,1,26.0,S,1,1,1,0.26,0,1,1,0,1.0
261,0,3,1,24.0,0,0,7.75,Q,1,0,0,0.0775,1,0,0,1,3.0
262,1,3,1,3.0,4,2,31.3875,S,0,6,1,0.313875,0,1,0,1,1.0
263,0,1,1,52.0,1,1,79.65,S,1,2,1,0.7965000000000001,0,1,0,0,1.0
264,0,1,1,40.0,0,0,0.0,S,1,0,0,0.0,0,1,0,0,1.0
265,0,3,0,24.0,0,0,7.75,Q,1,0,0,0.0775,1,0,0,1,3.0
266,0,2,1,36.0,0,0,10.5,S,1,0,0,0.105,0,1,1,0,1.0
267,0,3,1,16.0,4,1,39.6875,S,1,5,1,0.396875,0,1,0,1,1.0
268,1,3,1,25.0,1,0,7.775,S,1,1,1,0.07775,0,1,0,1,1.0
269,1,1,0,58.0,0,1,153.4625,S,1,1,1,1.5346250000000001,0,1,0,0,1.0
270,1,1,0,35.0,0,0,135.6333,S,1,0,0,1.356333,0,1,0,0,1.0
271,0,1,1,37.0,0,0,31.0,S,1,0,0,0.31,0,1,0,0,1.0
272,1,3,1,25.0,0,0,0.0,S,1,0,0,0.0,0,1,0,1,1.0
273,1,2,0,41.0,0,1,19.5,S,1,1,1,0.195,0,1,1,0,1.0
274,0,1,1,37.0,0,1,29.7,C,1,1,1,0.297,0,0,0,0,2.0
275,1,3,0,24.0,0,0,7.75,Q,1,0,0,0.0775,1,0,0,1,3.0
276,1,1,0,63.0,1,0,77.9583,S,1,1,1,0.7795829999999999,0,1,0,0,1.0
277,0,3,0,45.0,0,0,7.75,S,1,0,0,0.0775,0,1,0,1,1.0
278,0,2,1,29.0,0,0,0.0,S,1,0,0,0.0,0,1,1,0,1.0
279,0,3,1,7.0,4,1,29.125,Q,1,5,1,0.29125,1,0,0,1,3.0
280,1,3,0,35.0,1,1,20.25,S,1,2,1,0.2025,0,1,0,1,1.0
281,0,3,1,65.0,0,0,7.75,Q,1,0,0,0.0775,1,0,0,1,3.0
282,0,3,1,28.0,0,0,7.8542,S,1,0,0,0.078542,0,1,0,1,1.0
283,0,3,1,16.0,0,0,9.5,S,1,0,0,0.095,0,1,0,1,1.0
284,1,3,1,19.0,0,0,8.05,S,1,0,0,0.0805,0,1,0,1,1.0
285,0,1,1,37.0,0,0,26.0,S,1,0,0,0.26,0,1,0,0,1.0
286,0,3,1,33.0,0,0,8.6625,C,1,0,0,0.086625,0,0,0,1,2.0
287,1,3,1,30.0,0,0,9.5,S,1,0,0,0.095,0,1,0,1,1.0
288,0,3,1,22.0,0,0,7.8958,S,1,0,0,0.078958,0,1,0,1,1.0
289,1,2,1,42.0,0,0,13.0,S,1,0,0,0.13,0,1,1,0,1.0
290,1,3,0,22.0,0,0,7.75,Q,1,0,0,0.0775,1,0,0,1,3.0
291,1,1,0,26.0,0,0,78.85,S,1,0,0,0.7885,0,1,0,0,1.0
292,1,1,0,19.0,1,0,91.0792,C,1,1,1,0.910792,0,0,0,0,2.0
293,0,2,1,36.0,0,0,12.875,C,1,0,0,0.12875,0,0,1,0,2.0
294,0,3,0,24.0,0,0,8.85,S,1,0,0,0.0885,0,1,0,1,1.0
295,0,3,1,24.0,0,0,7.8958,S,1,0,0,0.078958,0,1,0,1,1.0
296,0,1,1,37.0,0,0,27.7208,C,1,0,0,0.277208,0,0,0,0,2.0
297,0,3,1,23.5,0,0,7.2292,C,1,0,0,0.072292,0,0,0,1,2.0
298,0,1,0,2.0,1,2,151.55,S,0,3,1,1.5155,0,1,0,0,1.0
299,1,1,1,37.0,0,0,30.5,S,1,0,0,0.305,0,1,0,0,1.0
300,1,1,0,50.0,0,1,247.5208,C,1,1,1,2.4752080000000003,0,0,0,0,2.0
301,1,3,0,24.0,0,0,7.75,Q,1,0,0,0.0775,1,0,0,1,3.0
302,1,3,1,24.0,2,0,23.25,Q,1,2,1,0.2325,1,0,0,1,3.0
303,0,3,1,19.0,0,0,0.0,S,1,0,0,0.0,0,1,0,1,1.0
304,1,2,0,29.0,0,0,12.35,Q,1,0,0,0.1235,1,0,1,0,3.0
305,0,3,1,24.0,0,0,8.05,S,1,0,0,0.0805,0,1,0,1,1.0
306,1,1,1,0.92,1,2,151.55,S,0,3,1,1.5155,0,1,0,0,1.0
307,1,1,0,37.0,0,0,110.8833,C,1,0,0,1.108833,0,0,0,0,2.0
308,1,1,0,17.0,1,0,108.9,C,1,1,1,1.089,0,0,0,0,2.0
309,0,2,1,30.0,1,0,24.0,C,1,1,1,0.24,0,0,1,0,2.0
310,1,1,0,30.0,0,0,56.9292,C,1,0,0,0.569292,0,0,0,0,2.0
311,1,1,0,24.0,0,0,83.1583,C,1,0,0,0.831583,0,0,0,0,2.0
312,1,1,0,18.0,2,2,262.375,C,1,4,1,2.62375,0,0,0,0,2.0
313,0,2,0,26.0,1,1,26.0,S,1,2,1,0.26,0,1,1,0,1.0
314,0,3,1,28.0,0,0,7.8958,S,1,0,0,0.078958,0,1,0,1,1.0
315,0,2,1,43.0,1,1,26.25,S,1,2,1,0.2625,0,1,1,0,1.0
316,1,3,0,26.0,0,0,7.8542,S,1,0,0,0.078542,0,1,0,1,1.0
317,1,2,0,24.0,1,0,26.0,S,1,1,1,0.26,0,1,1,0,1.0
318,0,2,1,54.0,0,0,14.0,S,1,0,0,0.14,0,1,1,0,1.0
319,1,1,0,31.0,0,2,164.8667,S,1,2,1,1.648667,0,1,0,0,1.0
320,1,1,0,40.0,1,1,134.5,C,1,2,1,1.345,0,0,0,0,2.0
321,0,3,1,22.0,0,0,7.25,S,1,0,0,0.0725,0,1,0,1,1.0
322,0,3,1,27.0,0,0,7.8958,S,1,0,0,0.078958,0,1,0,1,1.0
323,1,2,0,30.0,0,0,12.35,Q,1,0,0,0.1235,1,0,1,0,3.0
324,1,2,0,22.0,1,1,29.0,S,1,2,1,0.29,0,1,1,0,1.0
325,0,3,1,24.0,8,2,69.55,S,1,10,1,0.6955,0,1,0,1,1.0
326,1,1,0,36.0,0,0,135.6333,C,1,0,0,1.356333,0,0,0,0,2.0
327,0,3,1,61.0,0,0,6.2375,S,1,0,0,0.062375,0,1,0,1,1.0
328,1,2,0,36.0,0,0,13.0,S,1,0,0,0.13,0,1,1,0,1.0
329,1,3,0,31.0,1,1,20.525,S,1,2,1,0.20525,0,1,0,1,1.0
330,1,1,0,16.0,0,1,57.9792,C,1,1,1,0.579792,0,0,0,0,2.0
331,1,3,0,24.0,2,0,23.25,Q,1,2,1,0.2325,1,0,0,1,3.0
332,0,1,1,45.5,0,0,28.5,S,1,0,0,0.285,0,1,0,0,1.0
333,0,1,1,38.0,0,1,153.4625,S,1,1,1,1.5346250000000001,0,1,0,0,1.0
334,0,3,1,16.0,2,0,18.0,S,1,2,1,0.18,0,1,0,1,1.0
335,1,1,0,37.0,1,0,133.65,S,1,1,1,1.3365,0,1,0,0,1.0
336,0,3,1,24.0,0,0,7.8958,S,1,0,0,0.078958,0,1,0,1,1.0
337,0,1,1,29.0,1,0,66.6,S,1,1,1,0.6659999999999999,0,1,0,0,1.0
338,1,1,0,41.0,0,0,134.5,C,1,0,0,1.345,0,0,0,0,2.0
339,1,3,1,45.0,0,0,8.05,S,1,0,0,0.0805,0,1,0,1,1.0
340,0,1,1,45.0,0,0,35.5,S,1,0,0,0.355,0,1,0,0,1.0
341,1,2,1,2.0,1,1,26.0,S,0,2,1,0.26,0,1,1,0,1.0
342,1,1,0,24.0,3,2,263.0,S,1,5,1,2.63,0,1,0,0,1.0
343,0,2,1,28.0,0,0,13.0,S,1,0,0,0.13,0,1,1,0,1.0
344,0,2,1,25.0,0,0,13.0,S,1,0,0,0.13,0,1,1,0,1.0
345,0,2,1,36.0,0,0,13.0,S,1,0,0,0.13,0,1,1,0,1.0
346,1,2,0,24.0,0,0,13.0,S,1,0,0,0.13,0,1,1,0,1.0
347,1,2,0,40.0,0,0,13.0,S,1,0,0,0.13,0,1,1,0,1.0
348,1,3,0,24.0,1,0,16.1,S,1,1,1,0.161,0,1,0,1,1.0
349,1,3,1,3.0,1,1,15.9,S,0,2,1,0.159,0,1,0,1,1.0
350,0,3,1,42.0,0,0,8.6625,S,1,0,0,0.086625,0,1,0,1,1.0
351,0,3,1,23.0,0,0,9.225,S,1,0,0,0.09225,0,1,0,1,1.0
352,0,1,1,37.0,0,0,35.0,S,1,0,0,0.35,0,1,0,0,1.0
353,0,3,1,15.0,1,1,7.2292,C,1,2,1,0.072292,0,0,0,1,2.0
354,0,3,1,25.0,1,0,17.8,S,1,1,1,0.17800000000000002,0,1,0,1,1.0
355,0,3,1,24.0,0,0,7.225,C,1,0,0,0.07225,0,0,0,1,2.0
356,0,3,1,28.0,0,0,9.5,S,1,0,0,0.095,0,1,0,1,1.0
357,1,1,0,22.0,0,1,55.0,S,1,1,1,0.55,0,1,0,0,1.0
358,0,2,0,38.0,0,0,13.0,S,1,0,0,0.13,0,1,1,0,1.0
359,1,3,0,24.0,0,0,7.8792,Q,1,0,0,0.078792,1,0,0,1,3.0
360,1,3,0,24.0,0,0,7.8792,Q,1,0,0,0.078792,1,0,0,1,3.0
361,0,3,1,40.0,1,4,27.9,S,1,5,1,0.27899999999999997,0,1,0,1,1.0
362,0,2,1,29.0,1,0,27.7208,C,1,1,1,0.277208,0,0,1,0,2.0
363,0,3,0,45.0,0,1,14.4542,C,1,1,1,0.144542,0,0,0,1,2.0
364,0,3,1,35.0,0,0,7.05,S,1,0,0,0.0705,0,1,0,1,1.0
365,0,3,1,24.0,1,0,15.5,Q,1,1,1,0.155,1,0,0,1,3.0
366,0,3,1,30.0,0,0,7.25,S,1,0,0,0.0725,0,1,0,1,1.0
367,1,1,0,60.0,1,0,75.25,C,1,1,1,0.7525,0,0,0,0,2.0
368,1,3,0,24.0,0,0,7.2292,C,1,0,0,0.072292,0,0,0,1,2.0
369,1,3,0,24.0,0,0,7.75,Q,1,0,0,0.0775,1,0,0,1,3.0
370,1,1,0,24.0,0,0,69.3,C,1,0,0,0.693,0,0,0,0,2.0
371,1,1,1,25.0,1,0,55.4417,C,1,1,1,0.5544169999999999,0,0,0,0,2.0
372,0,3,1,18.0,1,0,6.4958,S,1,1,1,0.064958,0,1,0,1,1.0
373,0,3,1,19.0,0,0,8.05,S,1,0,0,0.0805,0,1,0,1,1.0
374,0,1,1,22.0,0,0,135.6333,C,1,0,0,1.356333,0,0,0,0,2.0
375,0,3,0,3.0,3,1,21.075,S,0,4,1,0.21075,0,1,0,1,1.0
376,1,1,0,37.0,1,0,82.1708,C,1,1,1,0.821708,0,0,0,0,2.0
377,1,3,0,22.0,0,0,7.25,S,1,0,0,0.0725,0,1,0,1,1.0
378,0,1,1,27.0,0,2,211.5,C,1,2,1,2.115,0,0,0,0,2.0
379,0,3,1,20.0,0,0,4.0125,C,1,0,0,0.040125,0,0,0,1,2.0
380,0,3,1,19.0,0,0,7.775,S,1,0,0,0.07775,0,1,0,1,1.0
381,1,1,0,42.0,0,0,227.525,C,1,0,0,2.27525,0,0,0,0,2.0
382,1,3,0,1.0,0,2,15.7417,C,0,2,1,0.157417,0,0,0,1,2.0
383,0,3,1,32.0,0,0,7.925,S,1,0,0,0.07925,0,1,0,1,1.0
384,1,1,0,35.0,1,0,52.0,S,1,1,1,0.52,0,1,0,0,1.0
385,0,3,1,24.0,0,0,7.8958,S,1,0,0,0.078958,0,1,0,1,1.0
386,0,2,1,18.0,0,0,73.5,S,1,0,0,0.735,0,1,1,0,1.0
387,0,3,1,1.0,5,2,46.9,S,0,7,1,0.469,0,1,0,1,1.0
388,1,2,0,36.0,0,0,13.0,S,1,0,0,0.13,0,1,1,0,1.0
389,0,3,1,24.0,0,0,7.7292,Q,1,0,0,0.077292,1,0,0,1,3.0
390,1,2,0,17.0,0,0,12.0,C,1,0,0,0.12,0,0,1,0,2.0
391,1,1,1,36.0,1,2,120.0,S,1,3,1,1.2,0,1,0,0,1.0
392,1,3,1,21.0,0,0,7.7958,S,1,0,0,0.077958,0,1,0,1,1.0
393,0,3,1,28.0,2,0,7.925,S,1,2,1,0.07925,0,1,0,1,1.0
394,1,1,0,23.0,1,0,113.275,C,1,1,1,1.1327500000000001,0,0,0,0,2.0
395,1,3,0,24.0,0,2,16.7,S,1,2,1,0.16699999999999998,0,1,0,1,1.0
396,0,3,1,22.0,0,0,7.7958,S,1,0,0,0.077958,0,1,0,1,1.0
397,0,3,0,31.0,0,0,7.8542,S,1,0,0,0.078542,0,1,0,1,1.0
398,0,2,1,46.0,0,0,26.0,S,1,0,0,0.26,0,1,1,0,1.0
399,0,2,1,23.0,0,0,10.5,S,1,0,0,0.105,0,1,1,0,1.0
400,1,2,0,28.0,0,0,12.65,S,1,0,0,0.1265,0,1,1,0,1.0
401,1,3,1,39.0,0,0,7.925,S,1,0,0,0.07925,0,1,0,1,1.0
402,0,3,1,26.0,0,0,8.05,S,1,0,0,0.0805,0,1,0,1,1.0
403,0,3,0,21.0,1,0,9.825,S,1,1,1,0.09824999999999999,0,1,0,1,1.0
404,0,3,1,28.0,1,0,15.85,S,1,1,1,0.1585,0,1,0,1,1.0
405,0,3,0,20.0,0,0,8.6625,S,1,0,0,0.086625,0,1,0,1,1.0
406,0,2,1,34.0,1,0,21.0,S,1,1,1,0.21,0,1,1,0,1.0
407,0,3,1,51.0,0,0,7.75,S,1,0,0,0.0775,0,1,0,1,1.0
408,1,2,1,3.0,1,1,18.75,S,0,2,1,0.1875,0,1,1,0,1.0
409,0,3,1,21.0,0,0,7.775,S,1,0,0,0.07775,0,1,0,1,1.0
410,0,3,0,24.0,3,1,25.4667,S,1,4,1,0.254667,0,1,0,1,1.0
411,0,3,1,24.0,0,0,7.8958,S,1,0,0,0.078958,0,1,0,1,1.0
412,0,3,1,24.0,0,0,6.8583,Q,1,0,0,0.068583,1,0,0,1,3.0
413,1,1,0,33.0,1,0,90.0,Q,1,1,1,0.9,1,0,0,0,3.0
414,0,2,1,29.0,0,0,0.0,S,1,0,0,0.0,0,1,1,0,1.0
415,1,3,1,44.0,0,0,7.925,S,1,0,0,0.07925,0,1,0,1,1.0
416,0,3,0,24.0,0,0,8.05,S,1,0,0,0.0805,0,1,0,1,1.0
417,1,2,0,34.0,1,1,32.5,S,1,2,1,0.325,0,1,1,0,1.0
418,1,2,0,18.0,0,2,13.0,S,1,2,1,0.13,0,1,1,0,1.0
419,0,2,1,30.0,0,0,13.0,S,1,0,0,0.13,0,1,1,0,1.0
420,0,3,0,10.0,0,2,24.15,S,1,2,1,0.2415,0,1,0,1,1.0
421,0,3,1,24.0,0,0,7.8958,C,1,0,0,0.078958,0,0,0,1,2.0
422,0,3,1,21.0,0,0,7.7333,Q,1,0,0,0.077333,1,0,0,1,3.0
423,0,3,1,29.0,0,0,7.875,S,1,0,0,0.07875,0,1,0,1,1.0
424,0,3,0,28.0,1,1,14.4,S,1,2,1,0.14400000000000002,0,1,0,1,1.0
425,0,3,1,18.0,1,1,20.2125,S,1,2,1,0.202125,0,1,0,1,1.0
426,0,3,1,24.0,0,0,7.25,S,1,0,0,0.0725,0,1,0,1,1.0
427,1,2,0,28.0,1,0,26.0,S,1,1,1,0.26,0,1,1,0,1.0
428,1,2,0,19.0,0,0,26.0,S,1,0,0,0.26,0,1,1,0,1.0
429,0,3,1,24.0,0,0,7.75,Q,1,0,0,0.0775,1,0,0,1,3.0
430,1,3,1,32.0,0,0,8.05,S,1,0,0,0.0805,0,1,0,1,1.0
431,1,1,1,28.0,0,0,26.55,S,1,0,0,0.2655,0,1,0,0,1.0
432,1,3,0,24.0,1,0,16.1,S,1,1,1,0.161,0,1,0,1,1.0
433,1,2,0,42.0,1,0,26.0,S,1,1,1,0.26,0,1,1,0,1.0
434,0,3,1,17.0,0,0,7.125,S,1,0,0,0.07125,0,1,0,1,1.0
435,0,1,1,50.0,1,0,55.9,S,1,1,1,0.5589999999999999,0,1,0,0,1.0
436,1,1,0,14.0,1,2,120.0,S,1,3,1,1.2,0,1,0,0,1.0
437,0,3,0,21.0,2,2,34.375,S,1,4,1,0.34375,0,1,0,1,1.0
438,1,2,0,24.0,2,3,18.75,S,1,5,1,0.1875,0,1,1,0,1.0
439,0,1,1,64.0,1,4,263.0,S,1,5,1,2.63,0,1,0,0,1.0
440,0,2,1,31.0,0,0,10.5,S,1,0,0,0.105,0,1,1,0,1.0
441,1,2,0,45.0,1,1,26.25,S,1,2,1,0.2625,0,1,1,0,1.0
442,0,3,1,20.0,0,0,9.5,S,1,0,0,0.095,0,1,0,1,1.0
443,0,3,1,25.0,1,0,7.775,S,1,1,1,0.07775,0,1,0,1,1.0
444,1,2,0,28.0,0,0,13.0,S,1,0,0,0.13,0,1,1,0,1.0
445,1,3,1,24.0,0,0,8.1125,S,1,0,0,0.081125,0,1,0,1,1.0
446,1,1,1,4.0,0,2,81.8583,S,0,2,1,0.818583,0,1,0,0,1.0
447,1,2,0,13.0,0,1,19.5,S,1,1,1,0.195,0,1,1,0,1.0
448,1,1,1,34.0,0,0,26.55,S,1,0,0,0.2655,0,1,0,0,1.0
449,1,3,0,5.0,2,1,19.2583,C,0,3,1,0.19258299999999998,0,0,0,1,2.0
450,1,1,1,52.0,0,0,30.5,S,1,0,0,0.305,0,1,0,0,1.0
451,0,2,1,36.0,1,2,27.75,S,1,3,1,0.2775,0,1,1,0,1.0
452,0,3,1,24.0,1,0,19.9667,S,1,1,1,0.19966699999999998,0,1,0,1,1.0
453,0,1,1,30.0,0,0,27.75,C,1,0,0,0.2775,0,0,0,0,2.0
454,1,1,1,49.0,1,0,89.1042,C,1,1,1,0.8910420000000001,0,0,0,0,2.0
455,0,3,1,24.0,0,0,8.05,S,1,0,0,0.0805,0,1,0,1,1.0
456,1,3,1,29.0,0,0,7.8958,C,1,0,0,0.078958,0,0,0,1,2.0
457,0,1,1,65.0,0,0,26.55,S,1,0,0,0.2655,0,1,0,0,1.0
458,1,1,0,37.0,1,0,51.8625,S,1,1,1,0.518625,0,1,0,0,1.0
459,1,2,0,50.0,0,0,10.5,S,1,0,0,0.105,0,1,1,0,1.0
460,0,3,1,24.0,0,0,7.75,Q,1,0,0,0.0775,1,0,0,1,3.0
461,1,1,1,48.0,0,0,26.55,S,1,0,0,0.2655,0,1,0,0,1.0
462,0,3,1,34.0,0,0,8.05,S,1,0,0,0.0805,0,1,0,1,1.0
463,0,1,1,47.0,0,0,38.5,S,1,0,0,0.385,0,1,0,0,1.0
464,0,2,1,48.0,0,0,13.0,S,1,0,0,0.13,0,1,1,0,1.0
465,0,3,1,24.0,0,0,8.05,S,1,0,0,0.0805,0,1,0,1,1.0
466,0,3,1,38.0,0,0,7.05,S,1,0,0,0.0705,0,1,0,1,1.0
467,0,2,1,29.0,0,0,0.0,S,1,0,0,0.0,0,1,1,0,1.0
468,0,1,1,56.0,0,0,26.55,S,1,0,0,0.2655,0,1,0,0,1.0
469,0,3,1,24.0,0,0,7.725,Q,1,0,0,0.07725,1,0,0,1,3.0
470,1,3,0,0.75,2,1,19.2583,C,0,3,1,0.19258299999999998,0,0,0,1,2.0
471,0,3,1,24.0,0,0,7.25,S,1,0,0,0.0725,0,1,0,1,1.0
472,0,3,1,38.0,0,0,8.6625,S,1,0,0,0.086625,0,1,0,1,1.0
473,1,2,0,33.0,1,2,27.75,S,1,3,1,0.2775,0,1,1,0,1.0
474,1,2,0,23.0,0,0,13.7917,C,1,0,0,0.137917,0,0,1,0,2.0
475,0,3,0,22.0,0,0,9.8375,S,1,0,0,0.098375,0,1,0,1,1.0
476,0,1,1,37.0,0,0,52.0,S,1,0,0,0.52,0,1,0,0,1.0
477,0,2,1,34.0,1,0,21.0,S,1,1,1,0.21,0,1,1,0,1.0
478,0,3,1,29.0,1,0,7.0458,S,1,1,1,0.07045799999999999,0,1,0,1,1.0
479,0,3,1,22.0,0,0,7.5208,S,1,0,0,0.075208,0,1,0,1,1.0
480,1,3,0,2.0,0,1,12.2875,S,0,1,1,0.122875,0,1,0,1,1.0
481,0,3,1,9.0,5,2,46.9,S,1,7,1,0.469,0,1,0,1,1.0
482,0,2,1,29.0,0,0,0.0,S,1,0,0,0.0,0,1,1,0,1.0
483,0,3,1,50.0,0,0,8.05,S,1,0,0,0.0805,0,1,0,1,1.0
484,1,3,0,63.0,0,0,9.5875,S,1,0,0,0.095875,0,1,0,1,1.0
485,1,1,1,25.0,1,0,91.0792,C,1,1,1,0.910792,0,0,0,0,2.0
486,0,3,0,24.0,3,1,25.4667,S,1,4,1,0.254667,0,1,0,1,1.0
487,1,1,0,35.0,1,0,90.0,S,1,1,1,0.9,0,1,0,0,1.0
488,0,1,1,58.0,0,0,29.7,C,1,0,0,0.297,0,0,0,0,2.0
489,0,3,1,30.0,0,0,8.05,S,1,0,0,0.0805,0,1,0,1,1.0
490,1,3,1,9.0,1,1,15.9,S,1,2,1,0.159,0,1,0,1,1.0
491,0,3,1,24.0,1,0,19.9667,S,1,1,1,0.19966699999999998,0,1,0,1,1.0
492,0,3,1,21.0,0,0,7.25,S,1,0,0,0.0725,0,1,0,1,1.0
493,0,1,1,55.0,0,0,30.5,S,1,0,0,0.305,0,1,0,0,1.0
494,0,1,1,71.0,0,0,49.5042,C,1,0,0,0.495042,0,0,0,0,2.0
495,0,3,1,21.0,0,0,8.05,S,1,0,0,0.0805,0,1,0,1,1.0
496,0,3,1,24.0,0,0,14.4583,C,1,0,0,0.144583,0,0,0,1,2.0
497,1,1,0,54.0,1,0,78.2667,C,1,1,1,0.782667,0,0,0,0,2.0
498,0,3,1,24.0,0,0,15.1,S,1,0,0,0.151,0,1,0,1,1.0
499,0,1,0,25.0,1,2,151.55,S,1,3,1,1.5155,0,1,0,0,1.0
500,0,3,1,24.0,0,0,7.7958,S,1,0,0,0.077958,0,1,0,1,1.0
501,0,3,1,17.0,0,0,8.6625,S,1,0,0,0.086625,0,1,0,1,1.0
502,0,3,0,21.0,0,0,7.75,Q,1,0,0,0.0775,1,0,0,1,3.0
503,0,3,0,24.0,0,0,7.6292,Q,1,0,0,0.076292,1,0,0,1,3.0
504,0,3,0,37.0,0,0,9.5875,S,1,0,0,0.095875,0,1,0,1,1.0
505,1,1,0,16.0,0,0,86.5,S,1,0,0,0.865,0,1,0,0,1.0
506,0,1,1,18.0,1,0,108.9,C,1,1,1,1.089,0,0,0,0,2.0
507,1,2,0,33.0,0,2,26.0,S,1,2,1,0.26,0,1,1,0,1.0
508,1,1,1,37.0,0,0,26.55,S,1,0,0,0.2655,0,1,0,0,1.0
509,0,3,1,28.0,0,0,22.525,S,1,0,0,0.22524999999999998,0,1,0,1,1.0
510,1,3,1,26.0,0,0,56.4958,S,1,0,0,0.5649580000000001,0,1,0,1,1.0
511,1,3,1,29.0,0,0,7.75,Q,1,0,0,0.0775,1,0,0,1,3.0
512,0,3,1,24.0,0,0,8.05,S,1,0,0,0.0805,0,1,0,1,1.0
513,1,1,1,36.0,0,0,26.2875,S,1,0,0,0.262875,0,1,0,0,1.0
514,1,1,0,54.0,1,0,59.4,C,1,1,1,0.594,0,0,0,0,2.0
515,0,3,1,24.0,0,0,7.4958,S,1,0,0,0.074958,0,1,0,1,1.0
516,0,1,1,47.0,0,0,34.0208,S,1,0,0,0.340208,0,1,0,0,1.0
517,1,2,0,34.0,0,0,10.5,S,1,0,0,0.105,0,1,1,0,1.0
518,0,3,1,24.0,0,0,24.15,Q,1,0,0,0.2415,1,0,0,1,3.0
519,1,2,0,36.0,1,0,26.0,S,1,1,1,0.26,0,1,1,0,1.0
520,0,3,1,32.0,0,0,7.8958,S,1,0,0,0.078958,0,1,0,1,1.0
521,1,1,0,30.0,0,0,93.5,S,1,0,0,0.935,0,1,0,0,1.0
522,0,3,1,22.0,0,0,7.8958,S,1,0,0,0.078958,0,1,0,1,1.0
523,0,3,1,24.0,0,0,7.225,C,1,0,0,0.07225,0,0,0,1,2.0
524,1,1,0,44.0,0,1,57.9792,C,1,1,1,0.579792,0,0,0,0,2.0
525,0,3,1,24.0,0,0,7.2292,C,1,0,0,0.072292,0,0,0,1,2.0
526,0,3,1,40.5,0,0,7.75,Q,1,0,0,0.0775,1,0,0,1,3.0
527,1,2,0,50.0,0,0,10.5,S,1,0,0,0.105,0,1,1,0,1.0
528,0,1,1,37.0,0,0,221.7792,S,1,0,0,2.217792,0,1,0,0,1.0
529,0,3,1,39.0,0,0,7.925,S,1,0,0,0.07925,0,1,0,1,1.0
530,0,2,1,23.0,2,1,11.5,S,1,3,1,0.115,0,1,1,0,1.0
531,1,2,0,2.0,1,1,26.0,S,0,2,1,0.26,0,1,1,0,1.0
532,0,3,1,24.0,0,0,7.2292,C,1,0,0,0.072292,0,0,0,1,2.0
533,0,3,1,17.0,1,1,7.2292,C,1,2,1,0.072292,0,0,0,1,2.0
534,1,3,0,24.0,0,2,22.3583,C,1,2,1,0.223583,0,0,0,1,2.0
535,0,3,0,30.0,0,0,8.6625,S,1,0,0,0.086625,0,1,0,1,1.0
536,1,2,0,7.0,0,2,26.25,S,1,2,1,0.2625,0,1,1,0,1.0
537,0,1,1,45.0,0,0,26.55,S,1,0,0,0.2655,0,1,0,0,1.0
538,1,1,0,30.0,0,0,106.425,C,1,0,0,1.06425,0,0,0,0,2.0
539,0,3,1,24.0,0,0,14.5,S,1,0,0,0.145,0,1,0,1,1.0
540,1,1,0,22.0,0,2,49.5,C,1,2,1,0.495,0,0,0,0,2.0
541,1,1,0,36.0,0,2,71.0,S,1,2,1,0.71,0,1,0,0,1.0
542,0,3,0,9.0,4,2,31.275,S,1,6,1,0.31275,0,1,0,1,1.0
543,0,3,0,11.0,4,2,31.275,S,1,6,1,0.31275,0,1,0,1,1.0
544,1,2,1,32.0,1,0,26.0,S,1,1,1,0.26,0,1,1,0,1.0
545,0,1,1,50.0,1,0,106.425,C,1,1,1,1.06425,0,0,0,0,2.0
546,0,1,1,64.0,0,0,26.0,S,1,0,0,0.26,0,1,0,0,1.0
547,1,2,0,19.0,1,0,26.0,S,1,1,1,0.26,0,1,1,0,1.0
548,1,2,1,29.0,0,0,13.8625,C,1,0,0,0.138625,0,0,1,0,2.0
549,0,3,1,33.0,1,1,20.525,S,1,2,1,0.20525,0,1,0,1,1.0
550,1,2,1,8.0,1,1,36.75,S,1,2,1,0.3675,0,1,1,0,1.0
551,1,1,1,17.0,0,2,110.8833,C,1,2,1,1.108833,0,0,0,0,2.0
552,0,2,1,27.0,0,0,26.0,S,1,0,0,0.26,0,1,1,0,1.0
553,0,3,1,24.0,0,0,7.8292,Q,1,0,0,0.078292,1,0,0,1,3.0
554,1,3,1,22.0,0,0,7.225,C,1,0,0,0.07225,0,0,0,1,2.0
555,1,3,0,22.0,0,0,7.775,S,1,0,0,0.07775,0,1,0,1,1.0
556,0,1,1,62.0,0,0,26.55,S,1,0,0,0.2655,0,1,0,0,1.0
557,1,1,0,48.0,1,0,39.6,C,1,1,1,0.396,0,0,0,0,2.0
558,0,1,1,37.0,0,0,227.525,C,1,0,0,2.27525,0,0,0,0,2.0
559,1,1,0,39.0,1,1,79.65,S,1,2,1,0.7965000000000001,0,1,0,0,1.0
560,1,3,0,36.0,1,0,17.4,S,1,1,1,0.174,0,1,0,1,1.0
561,0,3,1,24.0,0,0,7.75,Q,1,0,0,0.0775,1,0,0,1,3.0
562,0,3,1,40.0,0,0,7.8958,S,1,0,0,0.078958,0,1,0,1,1.0
563,0,2,1,28.0,0,0,13.5,S,1,0,0,0.135,0,1,1,0,1.0
564,0,3,1,24.0,0,0,8.05,S,1,0,0,0.0805,0,1,0,1,1.0
565,0,3,0,24.0,0,0,8.05,S,1,0,0,0.0805,0,1,0,1,1.0
566,0,3,1,24.0,2,0,24.15,S,1,2,1,0.2415,0,1,0,1,1.0
567,0,3,1,19.0,0,0,7.8958,S,1,0,0,0.078958,0,1,0,1,1.0
568,0,3,0,29.0,0,4,21.075,S,1,4,1,0.21075,0,1,0,1,1.0
569,0,3,1,24.0,0,0,7.2292,C,1,0,0,0.072292,0,0,0,1,2.0
570,1,3,1,32.0,0,0,7.8542,S,1,0,0,0.078542,0,1,0,1,1.0
571,1,2,1,62.0,0,0,10.5,S,1,0,0,0.105,0,1,1,0,1.0
572,1,1,0,53.0,2,0,51.4792,S,1,2,1,0.514792,0,1,0,0,1.0
573,1,1,1,36.0,0,0,26.3875,S,1,0,0,0.26387499999999997,0,1,0,0,1.0
574,1,3,0,24.0,0,0,7.75,Q,1,0,0,0.0775,1,0,0,1,3.0
575,0,3,1,16.0,0,0,8.05,S,1,0,0,0.0805,0,1,0,1,1.0
576,0,3,1,19.0,0,0,14.5,S,1,0,0,0.145,0,1,0,1,1.0
577,1,2,0,34.0,0,0,13.0,S,1,0,0,0.13,0,1,1,0,1.0
578,1,1,0,39.0,1,0,55.9,S,1,1,1,0.5589999999999999,0,1,0,0,1.0
579,0,3,0,24.0,1,0,14.4583,C,1,1,1,0.144583,0,0,0,1,2.0
580,1,3,1,32.0,0,0,7.925,S,1,0,0,0.07925,0,1,0,1,1.0
581,1,2,0,25.0,1,1,30.0,S,1,2,1,0.3,0,1,1,0,1.0
582,1,1,0,39.0,1,1,110.8833,C,1,2,1,1.108833,0,0,0,0,2.0
583,0,2,1,54.0,0,0,26.0,S,1,0,0,0.26,0,1,1,0,1.0
584,0,1,1,36.0,0,0,40.125,C,1,0,0,0.40125,0,0,0,0,2.0
585,0,3,1,24.0,0,0,8.7125,C,1,0,0,0.08712500000000001,0,0,0,1,2.0
586,1,1,0,18.0,0,2,79.65,S,1,2,1,0.7965000000000001,0,1,0,0,1.0
587,0,2,1,47.0,0,0,15.0,S,1,0,0,0.15,0,1,1,0,1.0
588,1,1,1,60.0,1,1,79.2,C,1,2,1,0.792,0,0,0,0,2.0
589,0,3,1,22.0,0,0,8.05,S,1,0,0,0.0805,0,1,0,1,1.0
590,0,3,1,24.0,0,0,8.05,S,1,0,0,0.0805,0,1,0,1,1.0
591,0,3,1,35.0,0,0,7.125,S,1,0,0,0.07125,0,1,0,1,1.0
592,1,1,0,52.0,1,0,78.2667,C,1,1,1,0.782667,0,0,0,0,2.0
593,0,3,1,47.0,0,0,7.25,S,1,0,0,0.0725,0,1,0,1,1.0
594,0,3,0,24.0,0,2,7.75,Q,1,2,1,0.0775,1,0,0,1,3.0
595,0,2,1,37.0,1,0,26.0,S,1,1,1,0.26,0,1,1,0,1.0
596,0,3,1,36.0,1,1,24.15,S,1,2,1,0.2415,0,1,0,1,1.0
597,1,2,0,29.0,0,0,33.0,S,1,0,0,0.33,0,1,1,0,1.0
598,0,3,1,49.0,0,0,0.0,S,1,0,0,0.0,0,1,0,1,1.0
599,0,3,1,24.0,0,0,7.225,C,1,0,0,0.07225,0,0,0,1,2.0
600,1,1,1,49.0,1,0,56.9292,C,1,1,1,0.569292,0,0,0,0,2.0
601,1,2,0,24.0,2,1,27.0,S,1,3,1,0.27,0,1,1,0,1.0
602,0,3,1,24.0,0,0,7.8958,S,1,0,0,0.078958,0,1,0,1,1.0
603,0,1,1,37.0,0,0,42.4,S,1,0,0,0.424,0,1,0,0,1.0
604,0,3,1,44.0,0,0,8.05,S,1,0,0,0.0805,0,1,0,1,1.0
605,1,1,1,35.0,0,0,26.55,C,1,0,0,0.2655,0,0,0,0,2.0
606,0,3,1,36.0,1,0,15.55,S,1,1,1,0.1555,0,1,0,1,1.0
607,0,3,1,30.0,0,0,7.8958,S,1,0,0,0.078958,0,1,0,1,1.0
608,1,1,1,27.0,0,0,30.5,S,1,0,0,0.305,0,1,0,0,1.0
609,1,2,0,22.0,1,2,41.5792,C,1,3,1,0.415792,0,0,1,0,2.0
610,1,1,0,40.0,0,0,153.4625,S,1,0,0,1.5346250000000001,0,1,0,0,1.0
611,0,3,0,39.0,1,5,31.275,S,1,6,1,0.31275,0,1,0,1,1.0
612,0,3,1,24.0,0,0,7.05,S,1,0,0,0.0705,0,1,0,1,1.0
613,1,3,0,24.0,1,0,15.5,Q,1,1,1,0.155,1,0,0,1,3.0
614,0,3,1,24.0,0,0,7.75,Q,1,0,0,0.0775,1,0,0,1,3.0
615,0,3,1,35.0,0,0,8.05,S,1,0,0,0.0805,0,1,0,1,1.0
616,1,2,0,24.0,1,2,65.0,S,1,3,1,0.65,0,1,1,0,1.0
617,0,3,1,34.0,1,1,14.4,S,1,2,1,0.14400000000000002,0,1,0,1,1.0
618,0,3,0,26.0,1,0,16.1,S,1,1,1,0.161,0,1,0,1,1.0
619,1,2,0,4.0,2,1,39.0,S,0,3,1,0.39,0,1,1,0,1.0
620,0,2,1,26.0,0,0,10.5,S,1,0,0,0.105,0,1,1,0,1.0
621,0,3,1,27.0,1,0,14.4542,C,1,1,1,0.144542,0,0,0,1,2.0
622,1,1,1,42.0,1,0,52.5542,S,1,1,1,0.5255420000000001,0,1,0,0,1.0
623,1,3,1,20.0,1,1,15.7417,C,1,2,1,0.157417,0,0,0,1,2.0
624,0,3,1,21.0,0,0,7.8542,S,1,0,0,0.078542,0,1,0,1,1.0
625,0,3,1,21.0,0,0,16.1,S,1,0,0,0.161,0,1,0,1,1.0
626,0,1,1,61.0,0,0,32.3208,S,1,0,0,0.323208,0,1,0,0,1.0
627,0,2,1,57.0,0,0,12.35,Q,1,0,0,0.1235,1,0,1,0,3.0
628,1,1,0,21.0,0,0,77.9583,S,1,0,0,0.7795829999999999,0,1,0,0,1.0
629,0,3,1,26.0,0,0,7.8958,S,1,0,0,0.078958,0,1,0,1,1.0
630,0,3,1,24.0,0,0,7.7333,Q,1,0,0,0.077333,1,0,0,1,3.0
631,1,1,1,80.0,0,0,30.0,S,1,0,0,0.3,0,1,0,0,1.0
632,0,3,1,51.0,0,0,7.0542,S,1,0,0,0.070542,0,1,0,1,1.0
633,1,1,1,32.0,0,0,30.5,C,1,0,0,0.305,0,0,0,0,2.0
634,0,1,1,37.0,0,0,0.0,S,1,0,0,0.0,0,1,0,0,1.0
635,0,3,0,9.0,3,2,27.9,S,1,5,1,0.27899999999999997,0,1,0,1,1.0
636,1,2,0,28.0,0,0,13.0,S,1,0,0,0.13,0,1,1,0,1.0
637,0,3,1,32.0,0,0,7.925,S,1,0,0,0.07925,0,1,0,1,1.0
638,0,2,1,31.0,1,1,26.25,S,1,2,1,0.2625,0,1,1,0,1.0
639,0,3,0,41.0,0,5,39.6875,S,1,5,1,0.396875,0,1,0,1,1.0
640,0,3,1,24.0,1,0,16.1,S,1,1,1,0.161,0,1,0,1,1.0
641,0,3,1,20.0,0,0,7.8542,S,1,0,0,0.078542,0,1,0,1,1.0
642,1,1,0,24.0,0,0,69.3,C,1,0,0,0.693,0,0,0,0,2.0
643,0,3,0,2.0,3,2,27.9,S,0,5,1,0.27899999999999997,0,1,0,1,1.0
644,1,3,1,24.0,0,0,56.4958,S,1,0,0,0.5649580000000001,0,1,0,1,1.0
645,1,3,0,0.75,2,1,19.2583,C,0,3,1,0.19258299999999998,0,0,0,1,2.0
646,1,1,1,48.0,1,0,76.7292,C,1,1,1,0.7672920000000001,0,0,0,0,2.0
647,0,3,1,19.0,0,0,7.8958,S,1,0,0,0.078958,0,1,0,1,1.0
648,1,1,1,56.0,0,0,35.5,C,1,0,0,0.355,0,0,0,0,2.0
649,0,3,1,24.0,0,0,7.55,S,1,0,0,0.0755,0,1,0,1,1.0
650,1,3,0,23.0,0,0,7.55,S,1,0,0,0.0755,0,1,0,1,1.0
651,0,3,1,24.0,0,0,7.8958,S,1,0,0,0.078958,0,1,0,1,1.0
652,1,2,0,18.0,0,1,23.0,S,1,1,1,0.23,0,1,1,0,1.0
653,0,3,1,21.0,0,0,8.4333,S,1,0,0,0.08433299999999999,0,1,0,1,1.0
654,1,3,0,24.0,0,0,7.8292,Q,1,0,0,0.078292,1,0,0,1,3.0
655,0,3,0,18.0,0,0,6.75,Q,1,0,0,0.0675,1,0,0,1,3.0
656,0,2,1,24.0,2,0,73.5,S,1,2,1,0.735,0,1,1,0,1.0
657,0,3,1,24.0,0,0,7.8958,S,1,0,0,0.078958,0,1,0,1,1.0
658,0,3,0,32.0,1,1,15.5,Q,1,2,1,0.155,1,0,0,1,3.0
659,0,2,1,23.0,0,0,13.0,S,1,0,0,0.13,0,1,1,0,1.0
660,0,1,1,58.0,0,2,113.275,C,1,2,1,1.1327500000000001,0,0,0,0,2.0
661,1,1,1,50.0,2,0,133.65,S,1,2,1,1.3365,0,1,0,0,1.0
662,0,3,1,40.0,0,0,7.225,C,1,0,0,0.07225,0,0,0,1,2.0
663,0,1,1,47.0,0,0,25.5875,S,1,0,0,0.25587499999999996,0,1,0,0,1.0
664,0,3,1,36.0,0,0,7.4958,S,1,0,0,0.074958,0,1,0,1,1.0
665,1,3,1,20.0,1,0,7.925,S,1,1,1,0.07925,0,1,0,1,1.0
666,0,2,1,32.0,2,0,73.5,S,1,2,1,0.735,0,1,1,0,1.0
667,0,2,1,25.0,0,0,13.0,S,1,0,0,0.13,0,1,1,0,1.0
668,0,3,1,24.0,0,0,7.775,S,1,0,0,0.07775,0,1,0,1,1.0
669,0,3,1,43.0,0,0,8.05,S,1,0,0,0.0805,0,1,0,1,1.0
670,1,1,0,37.0,1,0,52.0,S,1,1,1,0.52,0,1,0,0,1.0
671,1,2,0,40.0,1,1,39.0,S,1,2,1,0.39,0,1,1,0,1.0
672,0,1,1,31.0,1,0,52.0,S,1,1,1,0.52,0,1,0,0,1.0
673,0,2,1,70.0,0,0,10.5,S,1,0,0,0.105,0,1,1,0,1.0
674,1,2,1,31.0,0,0,13.0,S,1,0,0,0.13,0,1,1,0,1.0
675,0,2,1,29.0,0,0,0.0,S,1,0,0,0.0,0,1,1,0,1.0
676,0,3,1,18.0,0,0,7.775,S,1,0,0,0.07775,0,1,0,1,1.0
677,0,3,1,24.5,0,0,8.05,S,1,0,0,0.0805,0,1,0,1,1.0
678,1,3,0,18.0,0,0,9.8417,S,1,0,0,0.09841699999999999,0,1,0,1,1.0
679,0,3,0,43.0,1,6,46.9,S,1,7,1,0.469,0,1,0,1,1.0
680,1,1,1,36.0,0,1,512.3292,C,1,1,1,5.123292,0,0,0,0,2.0
681,0,3,0,24.0,0,0,8.1375,Q,1,0,0,0.08137499999999999,1,0,0,1,3.0
682,1,1,1,27.0,0,0,76.7292,C,1,0,0,0.7672920000000001,0,0,0,0,2.0
683,0,3,1,20.0,0,0,9.225,S,1,0,0,0.09225,0,1,0,1,1.0
684,0,3,1,14.0,5,2,46.9,S,1,7,1,0.469,0,1,0,1,1.0
685,0,2,1,60.0,1,1,39.0,S,1,2,1,0.39,0,1,1,0,1.0
686,0,2,1,25.0,1,2,41.5792,C,1,3,1,0.415792,0,0,1,0,2.0
687,0,3,1,14.0,4,1,39.6875,S,1,5,1,0.396875,0,1,0,1,1.0
688,0,3,1,19.0,0,0,10.1708,S,1,0,0,0.10170799999999999,0,1,0,1,1.0
689,0,3,1,18.0,0,0,7.7958,S,1,0,0,0.077958,0,1,0,1,1.0
690,1,1,0,15.0,0,1,211.3375,S,1,1,1,2.113375,0,1,0,0,1.0
691,1,1,1,31.0,1,0,57.0,S,1,1,1,0.57,0,1,0,0,1.0
692,1,3,0,4.0,0,1,13.4167,C,0,1,1,0.134167,0,0,0,1,2.0
693,1,3,1,24.0,0,0,56.4958,S,1,0,0,0.5649580000000001,0,1,0,1,1.0
694,0,3,1,25.0,0,0,7.225,C,1,0,0,0.07225,0,0,0,1,2.0
695,0,1,1,60.0,0,0,26.55,S,1,0,0,0.2655,0,1,0,0,1.0
696,0,2,1,52.0,0,0,13.5,S,1,0,0,0.135,0,1,1,0,1.0
697,0,3,1,44.0,0,0,8.05,S,1,0,0,0.0805,0,1,0,1,1.0
698,1,3,0,24.0,0,0,7.7333,Q,1,0,0,0.077333,1,0,0,1,3.0
699,0,1,1,49.0,1,1,110.8833,C,1,2,1,1.108833,0,0,0,0,2.0
700,0,3,1,42.0,0,0,7.65,S,1,0,0,0.0765,0,1,0,1,1.0
701,1,1,0,18.0,1,0,227.525,C,1,1,1,2.27525,0,0,0,0,2.0
702,1,1,1,35.0,0,0,26.2875,S,1,0,0,0.262875,0,1,0,0,1.0
703,0,3,0,18.0,0,1,14.4542,C,1,1,1,0.144542,0,0,0,1,2.0
704,0,3,1,25.0,0,0,7.7417,Q,1,0,0,0.077417,1,0,0,1,3.0
705,0,3,1,26.0,1,0,7.8542,S,1,1,1,0.078542,0,1,0,1,1.0
706,0,2,1,39.0,0,0,26.0,S,1,0,0,0.26,0,1,1,0,1.0
707,1,2,0,45.0,0,0,13.5,S,1,0,0,0.135,0,1,1,0,1.0
708,1,1,1,42.0,0,0,26.2875,S,1,0,0,0.262875,0,1,0,0,1.0
709,1,1,0,22.0,0,0,151.55,S,1,0,0,1.5155,0,1,0,0,1.0
710,1,3,1,24.0,1,1,15.2458,C,1,2,1,0.15245799999999998,0,0,0,1,2.0
711,1,1,0,24.0,0,0,49.5042,C,1,0,0,0.495042,0,0,0,0,2.0
712,0,1,1,37.0,0,0,26.55,S,1,0,0,0.2655,0,1,0,0,1.0
713,1,1,1,48.0,1,0,52.0,S,1,1,1,0.52,0,1,0,0,1.0
714,0,3,1,29.0,0,0,9.4833,S,1,0,0,0.094833,0,1,0,1,1.0
715,0,2,1,52.0,0,0,13.0,S,1,0,0,0.13,0,1,1,0,1.0
716,0,3,1,19.0,0,0,7.65,S,1,0,0,0.0765,0,1,0,1,1.0
717,1,1,0,38.0,0,0,227.525,C,1,0,0,2.27525,0,0,0,0,2.0
718,1,2,0,27.0,0,0,10.5,S,1,0,0,0.105,0,1,1,0,1.0
719,0,3,1,24.0,0,0,15.5,Q,1,0,0,0.155,1,0,0,1,3.0
720,0,3,1,33.0,0,0,7.775,S,1,0,0,0.07775,0,1,0,1,1.0
721,1,2,0,6.0,0,1,33.0,S,0,1,1,0.33,0,1,1,0,1.0
722,0,3,1,17.0,1,0,7.0542,S,1,1,1,0.070542,0,1,0,1,1.0
723,0,2,1,34.0,0,0,13.0,S,1,0,0,0.13,0,1,1,0,1.0
724,0,2,1,50.0,0,0,13.0,S,1,0,0,0.13,0,1,1,0,1.0
725,1,1,1,27.0,1,0,53.1,S,1,1,1,0.531,0,1,0,0,1.0
726,0,3,1,20.0,0,0,8.6625,S,1,0,0,0.086625,0,1,0,1,1.0
727,1,2,0,30.0,3,0,21.0,S,1,3,1,0.21,0,1,1,0,1.0
728,1,3,0,24.0,0,0,7.7375,Q,1,0,0,0.077375,1,0,0,1,3.0
729,0,2,1,25.0,1,0,26.0,S,1,1,1,0.26,0,1,1,0,1.0
730,0,3,0,25.0,1,0,7.925,S,1,1,1,0.07925,0,1,0,1,1.0
731,1,1,0,29.0,0,0,211.3375,S,1,0,0,2.113375,0,1,0,0,1.0
732,0,3,1,11.0,0,0,18.7875,C,1,0,0,0.18787500000000001,0,0,0,1,2.0
733,0,2,1,29.0,0,0,0.0,S,1,0,0,0.0,0,1,1,0,1.0
734,0,2,1,23.0,0,0,13.0,S,1,0,0,0.13,0,1,1,0,1.0
735,0,2,1,23.0,0,0,13.0,S,1,0,0,0.13,0,1,1,0,1.0
736,0,3,1,28.5,0,0,16.1,S,1,0,0,0.161,0,1,0,1,1.0
737,0,3,0,48.0,1,3,34.375,S,1,4,1,0.34375,0,1,0,1,1.0
738,1,1,1,35.0,0,0,512.3292,C,1,0,0,5.123292,0,0,0,0,2.0
739,0,3,1,24.0,0,0,7.8958,S,1,0,0,0.078958,0,1,0,1,1.0
740,0,3,1,24.0,0,0,7.8958,S,1,0,0,0.078958,0,1,0,1,1.0
741,1,1,1,37.0,0,0,30.0,S,1,0,0,0.3,0,1,0,0,1.0
742,0,1,1,36.0,1,0,78.85,S,1,1,1,0.7885,0,1,0,0,1.0
743,1,1,0,21.0,2,2,262.375,C,1,4,1,2.62375,0,0,0,0,2.0
744,0,3,1,24.0,1,0,16.1,S,1,1,1,0.161,0,1,0,1,1.0
745,1,3,1,31.0,0,0,7.925,S,1,0,0,0.07925,0,1,0,1,1.0
746,0,1,1,70.0,1,1,71.0,S,1,2,1,0.71,0,1,0,0,1.0
747,0,3,1,16.0,1,1,20.25,S,1,2,1,0.2025,0,1,0,1,1.0
748,1,2,0,30.0,0,0,13.0,S,1,0,0,0.13,0,1,1,0,1.0
749,0,1,1,19.0,1,0,53.1,S,1,1,1,0.531,0,1,0,0,1.0
750,0,3,1,31.0,0,0,7.75,Q,1,0,0,0.0775,1,0,0,1,3.0
751,1,2,0,4.0,1,1,23.0,S,0,2,1,0.23,0,1,1,0,1.0
752,1,3,1,6.0,0,1,12.475,S,0,1,1,0.12475,0,1,0,1,1.0
753,0,3,1,33.0,0,0,9.5,S,1,0,0,0.095,0,1,0,1,1.0
754,0,3,1,23.0,0,0,7.8958,S,1,0,0,0.078958,0,1,0,1,1.0
755,1,2,0,48.0,1,2,65.0,S,1,3,1,0.65,0,1,1,0,1.0
756,1,2,1,0.67,1,1,14.5,S,0,2,1,0.145,0,1,1,0,1.0
757,0,3,1,28.0,0,0,7.7958,S,1,0,0,0.077958,0,1,0,1,1.0
758,0,2,1,18.0,0,0,11.5,S,1,0,0,0.115,0,1,1,0,1.0
759,0,3,1,34.0,0,0,8.05,S,1,0,0,0.0805,0,1,0,1,1.0
760,1,1,0,33.0,0,0,86.5,S,1,0,0,0.865,0,1,0,0,1.0
761,0,3,1,24.0,0,0,14.5,S,1,0,0,0.145,0,1,0,1,1.0
762,0,3,1,41.0,0,0,7.125,S,1,0,0,0.07125,0,1,0,1,1.0
763,1,3,1,20.0,0,0,7.2292,C,1,0,0,0.072292,0,0,0,1,2.0
764,1,1,0,36.0,1,2,120.0,S,1,3,1,1.2,0,1,0,0,1.0
765,0,3,1,16.0,0,0,7.775,S,1,0,0,0.07775,0,1,0,1,1.0
766,1,1,0,51.0,1,0,77.9583,S,1,1,1,0.7795829999999999,0,1,0,0,1.0
767,0,1,1,37.0,0,0,39.6,C,1,0,0,0.396,0,0,0,0,2.0
768,0,3,0,30.5,0,0,7.75,Q,1,0,0,0.0775,1,0,0,1,3.0
769,0,3,1,24.0,1,0,24.15,Q,1,1,1,0.2415,1,0,0,1,3.0
770,0,3,1,32.0,0,0,8.3625,S,1,0,0,0.083625,0,1,0,1,1.0
771,0,3,1,24.0,0,0,9.5,S,1,0,0,0.095,0,1,0,1,1.0
772,0,3,1,48.0,0,0,7.8542,S,1,0,0,0.078542,0,1,0,1,1.0
773,0,2,0,57.0,0,0,10.5,S,1,0,0,0.105,0,1,1,0,1.0
774,0,3,1,24.0,0,0,7.225,C,1,0,0,0.07225,0,0,0,1,2.0
775,1,2,0,54.0,1,3,23.0,S,1,4,1,0.23,0,1,1,0,1.0
776,0,3,1,18.0,0,0,7.75,S,1,0,0,0.0775,0,1,0,1,1.0
777,0,3,1,24.0,0,0,7.75,Q,1,0,0,0.0775,1,0,0,1,3.0
778,1,3,0,5.0,0,0,12.475,S,0,0,0,0.12475,0,1,0,1,1.0
779,0,3,1,24.0,0,0,7.7375,Q,1,0,0,0.077375,1,0,0,1,3.0
780,1,1,0,43.0,0,1,211.3375,S,1,1,1,2.113375,0,1,0,0,1.0
781,1,3,0,13.0,0,0,7.2292,C,1,0,0,0.072292,0,0,0,1,2.0
782,1,1,0,17.0,1,0,57.0,S,1,1,1,0.57,0,1,0,0,1.0
783,0,1,1,29.0,0,0,30.0,S,1,0,0,0.3,0,1,0,0,1.0
784,0,3,1,24.0,1,2,23.45,S,1,3,1,0.2345,0,1,0,1,1.0
785,0,3,1,25.0,0,0,7.05,S,1,0,0,0.0705,0,1,0,1,1.0
786,0,3,1,25.0,0,0,7.25,S,1,0,0,0.0725,0,1,0,1,1.0
787,1,3,0,18.0,0,0,7.4958,S,1,0,0,0.074958,0,1,0,1,1.0
788,0,3,1,8.0,4,1,29.125,Q,1,5,1,0.29125,1,0,0,1,3.0
789,1,3,1,1.0,1,2,20.575,S,0,3,1,0.20575,0,1,0,1,1.0
790,0,1,1,46.0,0,0,79.2,C,1,0,0,0.792,0,0,0,0,2.0
791,0,3,1,24.0,0,0,7.75,Q,1,0,0,0.0775,1,0,0,1,3.0
792,0,2,1,16.0,0,0,26.0,S,1,0,0,0.26,0,1,1,0,1.0
793,0,3,0,24.0,8,2,69.55,S,1,10,1,0.6955,0,1,0,1,1.0
794,0,1,1,37.0,0,0,30.6958,C,1,0,0,0.306958,0,0,0,0,2.0
795,0,3,1,25.0,0,0,7.8958,S,1,0,0,0.078958,0,1,0,1,1.0
796,0,2,1,39.0,0,0,13.0,S,1,0,0,0.13,0,1,1,0,1.0
797,1,1,0,49.0,0,0,25.9292,S,1,0,0,0.259292,0,1,0,0,1.0
798,1,3,0,31.0,0,0,8.6833,S,1,0,0,0.086833,0,1,0,1,1.0
799,0,3,1,30.0,0,0,7.2292,C,1,0,0,0.072292,0,0,0,1,2.0
800,0,3,0,30.0,1,1,24.15,S,1,2,1,0.2415,0,1,0,1,1.0
801,0,2,1,34.0,0,0,13.0,S,1,0,0,0.13,0,1,1,0,1.0
802,1,2,0,31.0,1,1,26.25,S,1,2,1,0.2625,0,1,1,0,1.0
803,1,1,1,11.0,1,2,120.0,S,1,3,1,1.2,0,1,0,0,1.0
804,1,3,1,0.42,0,1,8.5167,C,0,1,1,0.085167,0,0,0,1,2.0
805,1,3,1,27.0,0,0,6.975,S,1,0,0,0.06974999999999999,0,1,0,1,1.0
806,0,3,1,31.0,0,0,7.775,S,1,0,0,0.07775,0,1,0,1,1.0
807,0,1,1,39.0,0,0,0.0,S,1,0,0,0.0,0,1,0,0,1.0
808,0,3,0,18.0,0,0,7.775,S,1,0,0,0.07775,0,1,0,1,1.0
809,0,2,1,39.0,0,0,13.0,S,1,0,0,0.13,0,1,1,0,1.0
810,1,1,0,33.0,1,0,53.1,S,1,1,1,0.531,0,1,0,0,1.0
811,0,3,1,26.0,0,0,7.8875,S,1,0,0,0.078875,0,1,0,1,1.0
812,0,3,1,39.0,0,0,24.15,S,1,0,0,0.2415,0,1,0,1,1.0
813,0,2,1,35.0,0,0,10.5,S,1,0,0,0.105,0,1,1,0,1.0
814,0,3,0,6.0,4,2,31.275,S,0,6,1,0.31275,0,1,0,1,1.0
815,0,3,1,30.5,0,0,8.05,S,1,0,0,0.0805,0,1,0,1,1.0
816,0,1,1,37.0,0,0,0.0,S,1,0,0,0.0,0,1,0,0,1.0
817,0,3,0,23.0,0,0,7.925,S,1,0,0,0.07925,0,1,0,1,1.0
818,0,2,1,31.0,1,1,37.0042,C,1,2,1,0.370042,0,0,1,0,2.0
819,0,3,1,43.0,0,0,6.45,S,1,0,0,0.0645,0,1,0,1,1.0
820,0,3,1,10.0,3,2,27.9,S,1,5,1,0.27899999999999997,0,1,0,1,1.0
821,1,1,0,52.0,1,1,93.5,S,1,2,1,0.935,0,1,0,0,1.0
822,1,3,1,27.0,0,0,8.6625,S,1,0,0,0.086625,0,1,0,1,1.0
823,0,1,1,38.0,0,0,0.0,S,1,0,0,0.0,0,1,0,0,1.0
824,1,3,0,27.0,0,1,12.475,S,1,1,1,0.12475,0,1,0,1,1.0
825,0,3,1,2.0,4,1,39.6875,S,0,5,1,0.396875,0,1,0,1,1.0
826,0,3,1,24.0,0,0,6.95,Q,1,0,0,0.0695,1,0,0,1,3.0
827,0,3,1,24.0,0,0,56.4958,S,1,0,0,0.5649580000000001,0,1,0,1,1.0
828,1,2,1,1.0,0,2,37.0042,C,0,2,1,0.370042,0,0,1,0,2.0
829,1,3,1,24.0,0,0,7.75,Q,1,0,0,0.0775,1,0,0,1,3.0
830,1,1,0,62.0,0,0,80.0,Q,1,0,0,0.8,0,0,0,0,3.0
831,1,3,0,15.0,1,0,14.4542,C,1,1,1,0.144542,0,0,0,1,2.0
832,1,2,1,0.83,1,1,18.75,S,0,2,1,0.1875,0,1,1,0,1.0
833,0,3,1,24.0,0,0,7.2292,C,1,0,0,0.072292,0,0,0,1,2.0
834,0,3,1,23.0,0,0,7.8542,S,1,0,0,0.078542,0,1,0,1,1.0
835,0,3,1,18.0,0,0,8.3,S,1,0,0,0.083,0,1,0,1,1.0
836,1,1,0,39.0,1,1,83.1583,C,1,2,1,0.831583,0,0,0,0,2.0
837,0,3,1,21.0,0,0,8.6625,S,1,0,0,0.086625,0,1,0,1,1.0
838,0,3,1,24.0,0,0,8.05,S,1,0,0,0.0805,0,1,0,1,1.0
839,1,3,1,32.0,0,0,56.4958,S,1,0,0,0.5649580000000001,0,1,0,1,1.0
840,1,1,1,37.0,0,0,29.7,C,1,0,0,0.297,0,0,0,0,2.0
841,0,3,1,20.0,0,0,7.925,S,1,0,0,0.07925,0,1,0,1,1.0
842,0,2,1,16.0,0,0,10.5,S,1,0,0,0.105,0,1,1,0,1.0
843,1,1,0,30.0,0,0,31.0,C,1,0,0,0.31,0,0,0,0,2.0
844,0,3,1,34.5,0,0,6.4375,C,1,0,0,0.064375,0,0,0,1,2.0
845,0,3,1,17.0,0,0,8.6625,S,1,0,0,0.086625,0,1,0,1,1.0
846,0,3,1,42.0,0,0,7.55,S,1,0,0,0.0755,0,1,0,1,1.0
847,0,3,1,24.0,8,2,69.55,S,1,10,1,0.6955,0,1,0,1,1.0
848,0,3,1,35.0,0,0,7.8958,C,1,0,0,0.078958,0,0,0,1,2.0
849,0,2,1,28.0,0,1,33.0,S,1,1,1,0.33,0,1,1,0,1.0
850,1,1,0,37.0,1,0,89.1042,C,1,1,1,0.8910420000000001,0,0,0,0,2.0
851,0,3,1,4.0,4,2,31.275,S,0,6,1,0.31275,0,1,0,1,1.0
852,0,3,1,74.0,0,0,7.775,S,1,0,0,0.07775,0,1,0,1,1.0
853,0,3,0,9.0,1,1,15.2458,C,1,2,1,0.15245799999999998,0,0,0,1,2.0
854,1,1,0,16.0,0,1,39.4,S,1,1,1,0.39399999999999996,0,1,0,0,1.0
855,0,2,0,44.0,1,0,26.0,S,1,1,1,0.26,0,1,1,0,1.0
856,1,3,0,18.0,0,1,9.35,S,1,1,1,0.0935,0,1,0,1,1.0
857,1,1,0,45.0,1,1,164.8667,S,1,2,1,1.648667,0,1,0,0,1.0
858,1,1,1,51.0,0,0,26.55,S,1,0,0,0.2655,0,1,0,0,1.0
859,1,3,0,24.0,0,3,19.2583,C,1,3,1,0.19258299999999998,0,0,0,1,2.0
860,0,3,1,24.0,0,0,7.2292,C,1,0,0,0.072292,0,0,0,1,2.0
861,0,3,1,41.0,2,0,14.1083,S,1,2,1,0.141083,0,1,0,1,1.0
862,0,2,1,21.0,1,0,11.5,S,1,1,1,0.115,0,1,1,0,1.0
863,1,1,0,48.0,0,0,25.9292,S,1,0,0,0.259292,0,1,0,0,1.0
864,0,3,0,24.0,8,2,69.55,S,1,10,1,0.6955,0,1,0,1,1.0
865,0,2,1,24.0,0,0,13.0,S,1,0,0,0.13,0,1,1,0,1.0
866,1,2,0,42.0,0,0,13.0,S,1,0,0,0.13,0,1,1,0,1.0
867,1,2,0,27.0,1,0,13.8583,C,1,1,1,0.138583,0,0,1,0,2.0
868,0,1,1,31.0,0,0,50.4958,S,1,0,0,0.504958,0,1,0,0,1.0
869,0,3,1,24.0,0,0,9.5,S,1,0,0,0.095,0,1,0,1,1.0
870,1,3,1,4.0,1,1,11.1333,S,0,2,1,0.111333,0,1,0,1,1.0
871,0,3,1,26.0,0,0,7.8958,S,1,0,0,0.078958,0,1,0,1,1.0
872,1,1,0,47.0,1,1,52.5542,S,1,2,1,0.5255420000000001,0,1,0,0,1.0
873,0,1,1,33.0,0,0,5.0,S,1,0,0,0.05,0,1,0,0,1.0
874,0,3,1,47.0,0,0,9.0,S,1,0,0,0.09,0,1,0,1,1.0
875,1,2,0,28.0,1,0,24.0,C,1,1,1,0.24,0,0,1,0,2.0
876,1,3,0,15.0,0,0,7.225,C,1,0,0,0.07225,0,0,0,1,2.0
877,0,3,1,20.0,0,0,9.8458,S,1,0,0,0.098458,0,1,0,1,1.0
878,0,3,1,19.0,0,0,7.8958,S,1,0,0,0.078958,0,1,0,1,1.0
879,0,3,1,24.0,0,0,7.8958,S,1,0,0,0.078958,0,1,0,1,1.0
880,1,1,0,56.0,0,1,83.1583,C,1,1,1,0.831583,0,0,0,0,2.0
881,1,2,0,25.0,0,1,26.0,S,1,1,1,0.26,0,1,1,0,1.0
882,0,3,1,33.0,0,0,7.8958,S,1,0,0,0.078958,0,1,0,1,1.0
883,0,3,0,22.0,0,0,10.5167,S,1,0,0,0.105167,0,1,0,1,1.0
884,0,2,1,28.0,0,0,10.5,S,1,0,0,0.105,0,1,1,0,1.0
885,0,3,1,25.0,0,0,7.05,S,1,0,0,0.0705,0,1,0,1,1.0
886,0,3,0,39.0,0,5,29.125,Q,1,5,1,0.29125,1,0,0,1,3.0
887,0,2,1,27.0,0,0,13.0,S,1,0,0,0.13,0,1,1,0,1.0
888,1,1,0,19.0,0,0,30.0,S,1,0,0,0.3,0,1,0,0,1.0
889,0,3,0,24.0,1,2,23.45,S,1,3,1,0.2345,0,1,0,1,1.0
890,1,1,1,26.0,0,0,30.0,C,1,0,0,0.3,0,0,0,0,2.0
891,0,3,1,32.0,0,0,7.75,Q,1,0,0,0.0775,1,0,0,1,3.0
